{
  "categories": [
    {
      "id": 1,
      "name": "雪山降临1101"
    }
  ],
  "accounts": [
    {
      "id": 1,
      "category_id": 1,
      "name": "许大胖子"
    }
  ],
  "sessions": [
    {
      "id": 1,
      "category_id": 1,
      "account_id": 1,
      "hourly_rate": 16.4,
      "start_time": 1763197997033,
      "end_time": 1763210870202,
      "total_ms": 8554051,
      "total_amount": 38.96845455555555,
      "status": "stopped",
      "segments": [
        {
          "start_time": 1763197997033,
          "end_time": 1763200018910
        },
        {
          "start_time": 1763200234370,
          "end_time": 1763201556617
        },
        {
          "start_time": 1763201610723,
          "end_time": 1763202524912
        },
        {
          "start_time": 1763202548687,
          "end_time": 1763202753491
        },
        {
          "start_time": 1763202840856,
          "end_time": 1763202871283
        },
        {
          "start_time": 1763203231289,
          "end_time": 1763205318563
        },
        {
          "start_time": 1763205447803,
          "end_time": 1763205583599
        },
        {
          "start_time": 1763205622118,
          "end_time": 1763205705197
        },
        {
          "start_time": 1763205799423,
          "end_time": 1763205913328
        },
        {
          "start_time": 1763205918218,
          "end_time": 1763206160306
        },
        {
          "start_time": 1763206278156,
          "end_time": 1763206579936
        },
        {
          "start_time": 1763206667943,
          "end_time": 1763207634210
        },
        {
          "start_time": 1763210356216,
          "end_time": 1763210486534
        }
      ]
    }
  ],
  "users": [
    {
      "id": 1,
      "username": "xiach",
      "created_at": 1763213421050
    },
    {
      "id": 2,
      "username": "xaich",
      "created_at": 1763213497091
    }
  ],
  "user_ops": [
    {
      "id": 1,
      "ts": 1763213421060,
      "user_id": 1,
      "type": "create_user",
      "data": {
        "id": 1,
        "username": "xiach"
      }
    },
    {
      "id": 2,
      "ts": 1763213497103,
      "user_id": 2,
      "type": "create_user",
      "data": {
        "id": 2,
        "username": "xaich"
      }
    }
  ]
}